<?xml version="1.0" encoding="UTF-8"?>
<GenRun Id="impl_1" LaunchPart="xc7s50csga324-1" LaunchTime="1748370420">
  <File Type="REPORTS-TCL" Name="troc16_16qphwa_reports.tcl"/>
  <File Type="ROUTE-PWR-SUM" Name="troc16_16qphwa_power_summary_routed.pb"/>
  <File Type="BITSTR-MMI" Name="troc16_16qphwa.mmi"/>
  <File Type="OPT-DRC" Name="troc16_16qphwa_drc_opted.rpt"/>
  <File Type="BG-DRC" Name="troc16_16qphwa.drc"/>
  <File Type="ROUTE-STATUS-PB" Name="troc16_16qphwa_route_status.pb"/>
  <File Type="BG-BGN" Name="troc16_16qphwa.bgn"/>
  <File Type="PLACE-UTIL" Name="troc16_16qphwa_utilization_placed.rpt"/>
  <File Type="PLACE-UTIL-PB" Name="troc16_16qphwa_utilization_placed.pb"/>
  <File Type="PLACE-IO" Name="troc16_16qphwa_io_placed.rpt"/>
  <File Type="BG-BIN" Name="troc16_16qphwa.bin"/>
  <File Type="PLACE-CTRL" Name="troc16_16qphwa_control_sets_placed.rpt"/>
  <File Type="ROUTE-PWR-RPX" Name="troc16_16qphwa_power_routed.rpx"/>
  <File Type="ROUTE-DCP" Name="troc16_16qphwa_routed.dcp"/>
  <File Type="BITSTR-MSK" Name="troc16_16qphwa.msk"/>
  <File Type="BITSTR-RBT" Name="troc16_16qphwa.rbt"/>
  <File Type="ROUTE-TIMINGSUMMARY" Name="troc16_16qphwa_timing_summary_routed.rpt"/>
  <File Type="ROUTE-TIMING-RPX" Name="troc16_16qphwa_timing_summary_routed.rpx"/>
  <File Type="ROUTE-STATUS" Name="troc16_16qphwa_route_status.rpt"/>
  <File Type="PA-TCL" Name="troc16_16qphwa.tcl"/>
  <File Type="ROUTE-PWR" Name="troc16_16qphwa_power_routed.rpt"/>
  <File Type="ROUTE-DRC" Name="troc16_16qphwa_drc_routed.rpt"/>
  <File Type="ROUTE-DRC-RPX" Name="troc16_16qphwa_drc_routed.rpx"/>
  <File Type="ROUTE-DRC-PB" Name="troc16_16qphwa_drc_routed.pb"/>
  <File Type="BITSTR-SYSDEF" Name="troc16_16qphwa.sysdef"/>
  <File Type="ROUTE-METHODOLOGY-DRC" Name="troc16_16qphwa_methodology_drc_routed.rpt"/>
  <File Type="ROUTE-METHODOLOGY-DRC-RPX" Name="troc16_16qphwa_methodology_drc_routed.rpx"/>
  <File Type="BITSTR-LTX" Name="debug_nets.ltx"/>
  <File Type="BITSTR-LTX" Name="troc16_16qphwa.ltx"/>
  <File Type="ROUTE-METHODOLOGY-DRC-PB" Name="troc16_16qphwa_methodology_drc_routed.pb"/>
  <File Type="ROUTE-SIMILARITY" Name="troc16_16qphwa_incremental_reuse_routed.rpt"/>
  <File Type="RDI-RDI" Name="troc16_16qphwa.vdi"/>
  <File Type="ROUTE-CLK" Name="troc16_16qphwa_clock_utilization_routed.rpt"/>
  <File Type="ROUTE-BUS-SKEW" Name="troc16_16qphwa_bus_skew_routed.rpt"/>
  <File Type="ROUTE-BUS-SKEW-RPX" Name="troc16_16qphwa_bus_skew_routed.rpx"/>
  <File Type="ROUTE-BUS-SKEW-PB" Name="troc16_16qphwa_bus_skew_routed.pb"/>
  <File Type="POSTROUTE-PHYSOPT-TIMING" Name="troc16_16qphwa_timing_summary_postroute_physopted.rpt"/>
  <File Type="POSTROUTE-PHYSOPT-TIMING-RPX" Name="troc16_16qphwa_timing_summary_postroute_physopted.rpx"/>
  <File Type="POSTROUTE-PHYSOPT-TIMING-PB" Name="troc16_16qphwa_timing_summary_postroute_physopted.pb"/>
  <File Type="POSTROUTE-PHYSOPT-BUS-SKEW" Name="troc16_16qphwa_bus_skew_postroute_physopted.rpt"/>
  <File Type="POSTROUTE-PHYSOPT-BUS-SKEW-RPX" Name="troc16_16qphwa_bus_skew_postroute_physopted.rpx"/>
  <File Type="BG-BIT" Name="troc16_16qphwa.bit"/>
  <File Type="POSTROUTE-PHYSOPT-BUS-SKEW-PB" Name="troc16_16qphwa_bus_skew_postroute_physopted.pb"/>
  <File Type="BITSTR-NKY" Name="troc16_16qphwa.nky"/>
  <File Type="BITSTR-BMM" Name="troc16_16qphwa_bd.bmm"/>
  <File Type="WBT-USG" Name="usage_statistics_webtalk.html"/>
  <File Type="OPT-HWDEF" Name="troc16_16qphwa.hwdef"/>
  <File Type="PLACE-PRE-SIMILARITY" Name="troc16_16qphwa_incremental_reuse_pre_placed.rpt"/>
  <File Type="ROUTE-ERROR-DCP" Name="troc16_16qphwa_routed_error.dcp"/>
  <File Type="ROUTE-BLACKBOX-DCP" Name="troc16_16qphwa_routed_bb.dcp"/>
  <File Type="ROUTE-TIMING-PB" Name="troc16_16qphwa_timing_summary_routed.pb"/>
  <File Type="OPT-DCP" Name="troc16_16qphwa_opt.dcp"/>
  <File Type="PLACE-DCP" Name="troc16_16qphwa_placed.dcp"/>
  <File Type="PWROPT-DCP" Name="troc16_16qphwa_pwropt.dcp"/>
  <File Type="POSTPLACE-PWROPT-DCP" Name="troc16_16qphwa_postplace_pwropt.dcp"/>
  <File Type="PHYSOPT-DCP" Name="troc16_16qphwa_physopt.dcp"/>
  <File Type="POSTROUTE-PHYSOPT-DCP" Name="troc16_16qphwa_postroute_physopt.dcp"/>
  <File Type="POSTROUTE-PHYSOPT-BLACKBOX-DCP" Name="troc16_16qphwa_postroute_physopt_bb.dcp"/>
  <File Type="PDI-FILE" Name="troc16_16qphwa.pdi"/>
  <File Type="BOOT-PDI-FILE" Name="troc16_16qphwa_boot.pdi"/>
  <File Type="PL-PDI-FILE" Name="troc16_16qphwa_pld.pdi"/>
  <File Type="RCFI_FILE" Name="troc16_16qphwa.rcfi"/>
  <File Type="CFI_FILE" Name="troc16_16qphwa.cfi"/>
  <File Type="RNPI_FILE" Name="troc16_16qphwa.rnpi"/>
  <File Type="NPI_FILE" Name="troc16_16qphwa.npi"/>
  <File Type="RBD_FILE" Name="troc16_16qphwa.rbd"/>
  <File Type="ROUTE-RQS" Name="troc16_16qphwa_routed.rqs"/>
  <File Type="POSTROUTE-PHYSOPT-RQS" Name="troc16_16qphwa_postroute_physopted.rqs"/>
  <File Type="ROUTE-RQS-RPT" Name="route_report_qor_suggestions_0.rpt"/>
  <File Type="POSTROUTE-PHYSOPT-RQS-RPT" Name="postroute_physopt_report_qor_suggestions_0.rpt"/>
  <FileSet Name="sources" Type="DesignSrcs" RelSrcDir="$PSRCDIR/sources_1" RelGenDir="$PGENDIR/sources_1">
    <Filter Type="Srcs"/>
    <File Path="$PSRCDIR/sources_1/imports/_2025/troc16_16qphwa/constantstag.vhd">
      <FileInfo SFType="VHDL2008">
        <Attr Name="ImportPath" Val="$PPRDIR/../../../../../constantstag.vhd"/>
        <Attr Name="ImportTime" Val="1748374868"/>
        <Attr Name="UsedIn" Val="synthesis"/>
        <Attr Name="UsedIn" Val="simulation"/>
      </FileInfo>
    </File>
    <File Path="$PSRCDIR/sources_1/imports/_2025/tr24_8234isr/opcodes_250518.vhd">
      <FileInfo SFType="VHDL2008">
        <Attr Name="ImportPath" Val="$PPRDIR/../../../../../../tr24_8234isr/opcodes_250518.vhd"/>
        <Attr Name="ImportTime" Val="1747668034"/>
        <Attr Name="UsedIn" Val="synthesis"/>
        <Attr Name="UsedIn" Val="simulation"/>
      </FileInfo>
    </File>
    <File Path="$PSRCDIR/sources_1/imports/_2025/troc16_16qphwa/troc16_16_regqptag.vhd">
      <FileInfo SFType="VHDL2008">
        <Attr Name="ImportPath" Val="$PPRDIR/../../../../../troc16_16_regqptag.vhd"/>
        <Attr Name="ImportTime" Val="1748314368"/>
        <Attr Name="UsedIn" Val="synthesis"/>
        <Attr Name="UsedIn" Val="simulation"/>
      </FileInfo>
    </File>
    <File Path="$PSRCDIR/sources_1/imports/_2025/troc16_16qphwa/troc16_16hwa_mem.vhd">
      <FileInfo SFType="VHDL2008">
        <Attr Name="ImportPath" Val="$PPRDIR/../../../../../troc16_16hwa_mem.vhd"/>
        <Attr Name="ImportTime" Val="1748316818"/>
        <Attr Name="UsedIn" Val="synthesis"/>
        <Attr Name="UsedIn" Val="simulation"/>
      </FileInfo>
    </File>
    <File Path="$PSRCDIR/sources_1/imports/_2025/troc16_16qphwa/troc16_16qphwa.vhd">
      <FileInfo SFType="VHDL2008">
        <Attr Name="ImportPath" Val="$PPRDIR/../../../../../troc16_16qphwa.vhd"/>
        <Attr Name="ImportTime" Val="1748376204"/>
        <Attr Name="UsedIn" Val="synthesis"/>
        <Attr Name="UsedIn" Val="simulation"/>
      </FileInfo>
    </File>
    <Config>
      <Option Name="DesignMode" Val="RTL"/>
      <Option Name="TopModule" Val="troc16_16qphwa"/>
      <Option Name="TopAutoSet" Val="TRUE"/>
    </Config>
  </FileSet>
  <FileSet Name="constrs_in" Type="Constrs" RelSrcDir="$PSRCDIR/constrs_1" RelGenDir="$PGENDIR/constrs_1">
    <Filter Type="Constrs"/>
    <File Path="$PSRCDIR/constrs_1/imports/troc16_16qphwa/boolean_sw-led-clk.xdc">
      <FileInfo>
        <Attr Name="ImportPath" Val="$PPRDIR/../../../../../boolean_sw-led-clk.xdc"/>
        <Attr Name="ImportTime" Val="1748369118"/>
        <Attr Name="UsedIn" Val="synthesis"/>
        <Attr Name="UsedIn" Val="implementation"/>
      </FileInfo>
    </File>
    <Config>
      <Option Name="ConstrsType" Val="XDC"/>
    </Config>
  </FileSet>
  <FileSet Name="utils" Type="Utils" RelSrcDir="$PSRCDIR/utils_1" RelGenDir="$PGENDIR/utils_1">
    <Filter Type="Utils"/>
    <File Path="$PSRCDIR/utils_1/imports/synth_1/troc16_16qphwa.dcp">
      <FileInfo>
        <Attr Name="UsedIn" Val="synthesis"/>
        <Attr Name="UsedIn" Val="implementation"/>
        <Attr Name="UsedInSteps" Val="synth_1"/>
        <Attr Name="UsedInSteps" Val="synth_1_copy_1"/>
        <Attr Name="UsedInSteps" Val="synth_1_copy_2"/>
        <Attr Name="AutoDcp" Val="1"/>
      </FileInfo>
    </File>
    <Config>
      <Option Name="TopAutoSet" Val="TRUE"/>
    </Config>
  </FileSet>
  <Strategy Version="1" Minor="2">
    <StratHandle Name="Vivado Implementation Defaults" Flow="Vivado Implementation 2024"/>
    <Step Id="init_design"/>
    <Step Id="opt_design"/>
    <Step Id="power_opt_design"/>
    <Step Id="place_design"/>
    <Step Id="post_place_power_opt_design"/>
    <Step Id="phys_opt_design"/>
    <Step Id="route_design"/>
    <Step Id="post_route_phys_opt_design"/>
    <Step Id="write_bitstream"/>
    <Step Id="write_device_image"/>
  </Strategy>
</GenRun>
